[
  {"model": "expplat.experiment", "pk": 1, "fields": {"experiment_code": "test", "desc": "Testing experiment"}},
  {"model": "expplat.news", "pk": 1, "fields": {"is_fake": false, "topic": "dieta", "doc": "https://www.europapress.es/esandalucia/cordoba/noticia-junta-iniciara-lunes-reparto-menus-menores-riesgo-exclusion-cordoba-20200320185021.html", "source": "Europa Press", "title": "La Junta iniciar el lunes el reparto de mens para menores en riesgo de exclusión en Córdoba", "ver_doc": "", "ver_title": ""}},
  {"model": "expplat.news", "pk": 2, "fields": {"is_fake": false, "topic": "virus", "doc": "https://compromiso.atresmedia.com/constantes-vitales/noticias/csic-busca-vacuna-covid19-partir-virus-que-erradico-viruela_202004035e8754d68188850001d102b3.html", "source": "Atresmedia", "title": "El CSIC busca una vacuna para el Covid-19 a partir del virus que erradicó la viruela", "ver_doc": "", "ver_title": ""}},
  {"model": "expplat.news", "pk": 3, "fields": {"is_fake": false, "topic": "mascarillas", "doc": "https://www.libertaddigital.com/espana/2020-04-01/coronavirus-llega-a-madrid-el-material-sanitario-al-que-huawei-se-comprometio-con-el-rey-felipe-vi-1276655166/", "source": "Libertad Digital", "title": "Coronavirus: llega a Madrid el material sanitario al que Huawei se comprometió con el rey Felipe VI", "ver_doc": "", "ver_title": ""}},
  {"model": "expplat.news", "pk": 4, "fields": {"is_fake": false, "topic": "virus", "doc": "https://www.elcomercio.es/sociedad/evidencia-perros-transmitan-20200402000119-ntvo.html", "source": "El Comercio", "title": "Coronavirus | No hay evidencia de que los perros transmitan el virus", "ver_doc": "", "ver_title": ""}},
  {"model": "expplat.news", "pk": 5, "fields": {"is_fake": false, "topic": "tecnologia", "doc": "https://www.elperiodico.com/es/internacional/20200401/moscu-vigilara-la-cuarentena-mediante-un-codigo-qr-7913832", "source": "El Periódico", "title": "Moscú vigilará la cuarentena mediante un código QR", "ver_doc": "", "ver_title": ""}},
  {"model": "expplat.news", "pk": 6, "fields": {"is_fake": false, "topic": "virus", "doc": "https://www.lavozdegalicia.es/noticia/sociedad/2020/04/18/coronavirus-soporta-temperaturas-60-grados/00031587222904777600884.htm", "source": "La Voz de Galicia", "title": "El coronavirus solo se desactiva por completo a más de 90 grados", "ver_doc": "", "ver_title": ""}},
  {"model": "expplat.news", "pk": 7, "fields": {"is_fake": false, "topic": "mascarillas", "doc": "https://sid-inico.usal.es/noticias/el-uso-de-la-mascarilla-agrava-el-aislamiento-de-las-personas-sordas/", "source": "Servicio de información sobre discapacidad", "title": "El uso de la mascarilla agrava el aislamiento de las personas sordas", "ver_doc": "", "ver_title": ""}},
  {"model": "expplat.news", "pk": 8, "fields": {"is_fake": false, "topic": "mascarillas", "doc": "https://www.lavozdegalicia.es/noticia/sociedad/2020/05/18/utilizar-guantes-ningun-sentido/0003_202005G18P20992.htm", "source": "La Voz de Galicia", "title": "Utilizar guantes no tiene ningún sentido", "ver_doc": "", "ver_title": ""}},
  {"model": "expplat.news", "pk": 9, "fields": {"is_fake": false, "topic": "vacunas", "doc": "https://as.com/deporteyvida/2020/06/12/portada/1591983325_096616.html", "source": "As", "title": "Una vacuna contra la poliomielitis podría ser la solución contra el coronavirus", "ver_doc": "", "ver_title": ""}},
  {"model": "expplat.news", "pk": 10, "fields": {"is_fake": false, "topic": "vacunas", "doc": "https://www.elcomercio.es/sociedad/sanidad-estudia-adelantar-20200616000451-ntvo.html", "source": "El Comercio", "title": "Sanidad estudia adelantar este año la vacuna de la gripe", "ver_doc": "", "ver_title": ""}},
  {"model": "expplat.news", "pk": 11, "fields": {"is_fake": true, "topic": "dieta", "doc": "https://www.coronavirusgripe.com/articulo/coronavirus/alimentos-mas-inmuniza-coronavirus/20200318181839002059.html", "source": "Coronavirus noticias", "title": "Alimentos que más inmunizan contra el coronavirus", "ver_doc": "https://maldita.es/malditaciencia/2020/09/25/no-consumir-alimentos-alcalinos-no-ayuda-a-combatir-el-coronavirus/", "ver_title": "No, consumir alimentos alcalinos no ayuda a combatir el coronavirus"}},
  {"model": "expplat.news", "pk": 12, "fields": {"is_fake": true, "topic": "virus", "doc": "https://www.mediterraneodigital.com/sociedad-y-tiempo-libre/st2/hantavirus", "source": "Mediterraneo Digital", "title": "Hantavirus. La OMS advierte al mundo del nuevo virus que viene de China", "ver_doc": "https://www.efe.com/efe/espana/efeverifica/el-hantavirus-no-es-otra-nueva-epidemia-que-viene-de-china/50001435-4211872", "ver_title": "El hantavirus: no es otra nueva epidemia que viene de China"}},
  {"model": "expplat.news", "pk": 13, "fields": {"is_fake": true, "topic": "mascarillas", "doc": "https://okdiario.com/espana/gobierno-paraliza-zaragoza-5-000-kilos-mascarillas-madrid-porque-aduanas-cierra-15h-5392455", "source": "Ok Diario", "title": "Madrid denuncia que el Gobierno paralizó en Zaragoza 5.000 kilos de mascarillas para Madrid porque \"Aduanas cierra a las 15h\"", "ver_doc": "https://maldita.es/malditobulo/2020/04/04/mascarillas-paralizadas-zaragoza-gobierno/", "ver_title": "No, no se han paralizado 5.000 kilos de mascarillas en Zaragoza porque aduanas cierra a las 15h"}},
  {"model": "expplat.news", "pk": 14, "fields": {"is_fake": true, "topic": "vacunas", "doc": "https://www.elindependiente.sv/2020/03/25/bill-gates-anuncia-que-implantara-microchips-para-combatir", "source": "El Independiente", "title": "Bill Gates anuncia que implantará microchips para combatir Covid-19 y rastrear las vacunas", "ver_doc": "https://www.newtral.es/bulo-vacuna-coronavirus-microchip-bill-gates/20200623/", "ver_title": "Es falso que las candidatas a vacuna de la COVID-19 vayan a introducir microchip"}},
  {"model": "expplat.news", "pk": 15, "fields": {"is_fake": true, "topic": "tecnologia", "doc": "http://blog.cisneblanco.org/demuestran-cientificamente-la-relacion-causal-entre-la-tecnologia-5g-y-el-covid-19", "source": "Plataforma ciudadana para la investigación judicial del sector eléctrico", "title": "Demuestran científicamente la relación causal entre la tecnologia 5G y el COVID-19", "ver_doc": "https://maldita.es/malditaciencia/2020/07/29/coronavirus-causado-tecnologia-5g/", "ver_title": "No, no hay ninguna evidencia científica de que el coronavirus está causado por la tecnología 5G"}},
  {"model": "expplat.news", "pk": 16, "fields": {"is_fake": true, "topic": "virus", "doc": "https://norteextremadura.es/todo-apunta-a-que-el-covid-19-se-escapo-del-instituto-de-virologia-de-wuhan/noticia/", "source": "Norte Extremadura", "title": "Todo apunta a que el COVID-19 \"se escapó\" del Instituto de Virología de Wuhan", "ver_doc": "https://www.newtral.es/no-no-hay-pruebas-de-que-el-actual-coronavirus-haya-sido-creado-en-un-laboratorio-de-wuhan-como-afirma-david-felipe-arranz/20200314/", "ver_title": "No hay pruebas de que el actual coronavirus haya sido \"fabricado\" en Wuhan como se dice en un vídeo viral"}},
  {"model": "expplat.news", "pk": 17, "fields": {"is_fake": true, "topic": "mascarillas", "doc": "https://diadelsur.com/el-uso-prolongado-del-tapaboca-produce-hipoxia/", "source": "Dia del sur noticias", "title": "El uso prolongado del tapaboca produce hipoxia", "ver_doc": "https://maldita.es/malditaciencia/2020/10/01/uso-prolongado-mascarilla-hipoxia/", "ver_title": "¿La mascarilla causa hipoxia? No hay evidencias de que sea así"}},
  {"model": "expplat.news", "pk": 18, "fields": {"is_fake": true, "topic": "mascarillas", "doc": "https://veritaspirit.wordpress.com/2020/05/18/stefano-montario-las-mascarillas-incuban-el-cancer/", "source": "Verita spirit", "title": "Stefano Montario: las mascarillas incuban el cáncer", "ver_doc": "https://maldita.es/malditaciencia/2020/10/04/afirmaciones-falsas-mascarillas-cancer/", "ver_title": "Afirmaciones falsas sobre las mascarillas: no provocan cáncer ni hipoxia ni hipercapnia"}},
  {"model": "expplat.news", "pk": 19, "fields": {"is_fake": true, "topic": "virus", "doc": "https://diario-octubre.com/2020/06/01/el-ministerio-del-interior-aleman-define-al-coronavirus-como-falsa-alarma-global-en-un-informe-filtrado-a-la-prensa/", "source": "Diario Octubre", "title": "El Ministerio del Interior alemán define al coronavirus como \"falsa alarma global\" en un informe filtrado a la prensa", "ver_doc": "https://www.newtral.es/bulos-alemania-informe-covid/20200729/#card-principal", "ver_title": "No, el Ministerio del Interior alemán no ha definido al coronavirus como una \"falsa alarma global\" en un informe secreto"}},
  {"model": "expplat.news", "pk": 20, "fields": {"is_fake": true, "topic": "virus", "doc": "https://www.lasrepublicas.com/2020/06/16/video-la-oms-alerta-sobre-el-virus-nipah-que-puede-ser-peor-que-el-coronavirus/", "source": "Las Repúblicas", "title": "La OMS alerta sobre el Virus Nipah, que puede ser peor que el Covid-19", "ver_doc": "https://maldita.es/malditaciencia/2020/06/16/no-la-oms-no-ha-alertado-ahora-sobre-el-virus-nipah-que-es-mas-mortal-que-la-covid-es-una-noticia-de-2018-que-se-mueve-como-actual/", "ver_title": "No, la OMS no ha alertado ahora sobre el virus Nipah que es \"más mortal que la COVID\": es una noticia de 2018 que se mueve como actual"}},
  {"model": "expplat.questiontype", "pk": 1, "fields": {"type": "radio", "desc": "Radio options choose just one"}},
  {"model": "expplat.questiontype", "pk": 2, "fields": {"type": "bool", "desc": "Checked/unchecked"}},
  {"model": "expplat.questiontype", "pk": 3, "fields": {"type": "input", "desc": "String input"}},
  {"model": "expplat.question", "pk": 1, "fields": {"question_code": "fysno", "text": "¿Es la noticia verdadera?", "desc": "", "type": 1, "required": true}},
  {"model": "expplat.question", "pk": 2, "fields": {"question_code": "fys01", "text": "Recuerda haber leído la noticia anteriormente", "desc": "", "type": 2, "required": false}},
  {"model": "expplat.question", "pk": 3, "fields": {"question_code": "fys02", "text": "El medio de comunicación es conocido", "desc": "", "type": 2, "required": false}},
  {"model": "expplat.question", "pk": 4, "fields": {"question_code": "fys03", "text": "El medio de comunicación es fiable", "desc": "", "type": 2, "required": false}},
  {"model": "expplat.question", "pk": 5, "fields": {"question_code": "fys04", "text": "Las fuentes citadas son conocidas", "desc": "", "type": 2, "required": false}},
  {"model": "expplat.question", "pk": 6, "fields": {"question_code": "fys05", "text": "Las fuentes citadas son confiables", "desc": "", "type": 2, "required": false}},
  {"model": "expplat.question", "pk": 7, "fields": {"question_code": "fys06", "text": "El abordaje de la noticia es serio y profesional", "desc": "", "type": 2, "required": false}},
  {"model": "expplat.question", "pk": 8, "fields": {"question_code": "fys07", "text": "Título, texto e imagen son coherentes", "desc": "", "type": 2, "required": false}},
  {"model": "expplat.question", "pk": 9, "fields": {"question_code": "fys08", "text": "El contenido concuerda con mis creencias", "desc": "", "type": 2, "required": false}},
  {"model": "expplat.question", "pk": 10, "fields": {"question_code": "fys09", "text": "El contenido está alineado a mi ideología", "desc": "", "type": 2, "required": false}},
  {"model": "expplat.question", "pk": 11, "fields": {"question_code": "fys10", "text": "Otro", "desc": "", "type": 2, "required": false}},
  {"model": "expplat.question", "pk": 12, "fields": {"question_code": "fno01", "text": "Recuerda haber leído alguna aclaración desmintiendo la noticia", "desc": "", "type": 2, "required": false}},
  {"model": "expplat.question", "pk": 13, "fields": {"question_code": "fno02", "text": "El medio de comunicación es desconocido", "desc": "", "type": 2, "required": false}},
  {"model": "expplat.question", "pk": 14, "fields": {"question_code": "fno03", "text": "El medio de comunicación es poco fiable", "desc": "", "type": 2, "required": false}},
  {"model": "expplat.question", "pk": 15, "fields": {"question_code": "fno04", "text": "Las fuentes citadas son desconocidas", "desc": "", "type": 2, "required": false}},
  {"model": "expplat.question", "pk": 16, "fields": {"question_code": "fno05", "text": "Las fuentes citadas no son confiables", "desc": "", "type": 2, "required": false}},
  {"model": "expplat.question", "pk": 17, "fields": {"question_code": "fno06", "text": "La noticia no cita fuentes", "desc": "", "type": 2, "required": false}},
  {"model": "expplat.question", "pk": 18, "fields": {"question_code": "fno07", "text": "El abordaje de la noticia no es serio o profesional", "desc": "", "type": 2, "required": false}},
  {"model": "expplat.question", "pk": 19, "fields": {"question_code": "fno08", "text": "Título, texto e imagen no son coherentes", "desc": "", "type": 2, "required": false}},
  {"model": "expplat.question", "pk": 20, "fields": {"question_code": "fno09", "text": "El título es sensacionalista", "desc": "", "type": 2, "required": false}},
  {"model": "expplat.question", "pk": 21, "fields": {"question_code": "fno10", "text": "La imagen es sensacionalista", "desc": "", "type": 2, "required": false}},
  {"model": "expplat.question", "pk": 22, "fields": {"question_code": "fno11", "text": "El contenido no concuerda con mis creencias", "desc": "", "type": 2, "required": false}},
  {"model": "expplat.question", "pk": 23, "fields": {"question_code": "fno12", "text": "El contenido no está alineado a mi ideología", "desc": "", "type": 2, "required": false}},
  {"model": "expplat.question", "pk": 24, "fields": {"question_code": "fno13", "text": "Otro", "desc": "", "type": 3, "required": false}},
  {"model": "expplat.question", "pk": 25, "fields": {"question_code": "faf01", "text": "Compartirá la noticia con familiares y amigos", "desc": "", "type": 2, "required": false}},
  {"model": "expplat.question", "pk": 26, "fields": {"question_code": "faf02", "text": "Publicará la noticia en sus redes sociales", "desc": "", "type": 2, "required": false}},
  {"model": "expplat.question", "pk": 27, "fields": {"question_code": "faf03", "text": "Consultará otras fuentes complementarias antes de compartir o publicar la noticia", "desc": "", "type": 2, "required": false}},
  {"model": "expplat.question", "pk": 28, "fields": {"question_code": "faf04", "text": "Aplicará a su vida lo aprendido en la noticia (si corresponde)", "desc": "", "type": 2, "required": false}},
  {"model": "expplat.question", "pk": 29, "fields": {"question_code": "faf05", "text": "No realizará ninguna acción", "desc": "", "type": 2, "required": false}},
  {"model": "expplat.question", "pk": 30, "fields": {"question_code": "tysno", "text": "¿Es la noticia verdadera?", "desc": "", "type": 1, "required": true}},
  {"model": "expplat.question", "pk": 31, "fields": {"question_code": "tys01", "text": "Recuerda haber leído la noticia anteriormente", "desc": "", "type": 2, "required": false}},
  {"model": "expplat.question", "pk": 32, "fields": {"question_code": "tys02", "text": "El medio de comunicación es conocido", "desc": "", "type": 2, "required": false}},
  {"model": "expplat.question", "pk": 33, "fields": {"question_code": "tys03", "text": "El medio de comunicación es fiable", "desc": "", "type": 2, "required": false}},
  {"model": "expplat.question", "pk": 34, "fields": {"question_code": "tys04", "text": "Las fuentes citadas son conocidas", "desc": "", "type": 2, "required": false}},
  {"model": "expplat.question", "pk": 35, "fields": {"question_code": "tys05", "text": "Las fuentes citadas son confiables", "desc": "", "type": 2, "required": false}},
  {"model": "expplat.question", "pk": 36, "fields": {"question_code": "tys06", "text": "El abordaje de la noticia es serio y profesional", "desc": "", "type": 2, "required": false}},
  {"model": "expplat.question", "pk": 37, "fields": {"question_code": "tys07", "text": "Título, texto e imagen son coherentes", "desc": "", "type": 2, "required": false}},
  {"model": "expplat.question", "pk": 38, "fields": {"question_code": "tys08", "text": "El contenido concuerda con mis creencias", "desc": "", "type": 2, "required": false}},
  {"model": "expplat.question", "pk": 39, "fields": {"question_code": "tys09", "text": "El contenido está alineado a mi ideología", "desc": "", "type": 2, "required": false}},
  {"model": "expplat.question", "pk": 40, "fields": {"question_code": "tys10", "text": "Otro", "desc": "", "type": 2, "required": false}},
  {"model": "expplat.question", "pk": 41, "fields": {"question_code": "tno01", "text": "Recuerda haber leído alguna aclaración desmintiendo la noticia", "desc": "", "type": 2, "required": false}},
  {"model": "expplat.question", "pk": 42, "fields": {"question_code": "tno02", "text": "El medio de comunicación es desconocido", "desc": "", "type": 2, "required": false}},
  {"model": "expplat.question", "pk": 43, "fields": {"question_code": "tno03", "text": "El medio de comunicación es poco fiable", "desc": "", "type": 2, "required": false}},
  {"model": "expplat.question", "pk": 44, "fields": {"question_code": "tno04", "text": "Las fuentes citadas son desconocidas", "desc": "", "type": 2, "required": false}},
  {"model": "expplat.question", "pk": 45, "fields": {"question_code": "tno05", "text": "Las fuentes citadas no son confiables", "desc": "", "type": 2, "required": false}},
  {"model": "expplat.question", "pk": 46, "fields": {"question_code": "tno06", "text": "La noticia no cita fuentes", "desc": "", "type": 2, "required": false}},
  {"model": "expplat.question", "pk": 47, "fields": {"question_code": "tno07", "text": "El abordaje de la noticia no es serio o profesional", "desc": "", "type": 2, "required": false}},
  {"model": "expplat.question", "pk": 48, "fields": {"question_code": "tno08", "text": "Título, texto e imagen no son coherentes", "desc": "", "type": 2, "required": false}},
  {"model": "expplat.question", "pk": 49, "fields": {"question_code": "tno09", "text": "El título es sensacionalista", "desc": "", "type": 2, "required": false}},
  {"model": "expplat.question", "pk": 50, "fields": {"question_code": "tno10", "text": "La imagen es sensacionalista", "desc": "", "type": 2, "required": false}},
  {"model": "expplat.question", "pk": 51, "fields": {"question_code": "tno11", "text": "El contenido no concuerda con mis creencias", "desc": "", "type": 2, "required": false}},
  {"model": "expplat.question", "pk": 52, "fields": {"question_code": "tno12", "text": "El contenido no está alineado a mi ideología", "desc": "", "type": 2, "required": false}},
  {"model": "expplat.question", "pk": 53, "fields": {"question_code": "tno13", "text": "Otro", "desc": "", "type": 2, "required": false}},
  {"model": "expplat.question", "pk": 54, "fields": {"question_code": "taf01", "text": "Compartirá la noticia con familiares y amigos", "desc": "", "type": 2, "required": false}},
  {"model": "expplat.question", "pk": 55, "fields": {"question_code": "taf02", "text": "Publicará la noticia en sus redes sociales", "desc": "", "type": 2, "required": false}},
  {"model": "expplat.question", "pk": 56, "fields": {"question_code": "taf03", "text": "Consultará otras fuentes complementarias antes de compartir o publicar la noticia", "desc": "", "type": 2, "required": false}},
  {"model": "expplat.question", "pk": 57, "fields": {"question_code": "taf04", "text": "Aplicará a su vida lo aprendido en la noticia (si corresponde)", "desc": "", "type": 2, "required": false}},
  {"model": "expplat.question", "pk": 58, "fields": {"question_code": "taf05", "text": "No realizará ninguna acción", "desc": "", "type": 2, "required": false}},
  {"model": "expplat.question", "pk": 59, "fields": {"question_code": "dmgen", "text": "Género", "desc": "", "type": 1, "required": true}},
  {"model": "expplat.question", "pk": 60, "fields": {"question_code": "dmage", "text": "Edad", "desc": "", "type": 1, "required": true}},
  {"model": "expplat.question", "pk": 61, "fields": {"question_code": "dmprv", "text": "Provincia de residencia", "desc": "", "type": 1, "required": true}},
  {"model": "expplat.question", "pk": 62, "fields": {"question_code": "dmedu", "text": "¿Cuál es el máximo nivel educativo alcanzado?", "desc": "", "type": 1, "required": true}},
  {"model": "expplat.question", "pk": 63, "fields": {"question_code": "dmedo", "text": "Si ha seleccionado \"Otro\" en la pregunta anterior, escriba cuál es en su caso el máximo nivel educativo alcanzado:", "desc": "", "type": 3, "required": false}},
  {"model": "expplat.question", "pk": 64, "fields": {"question_code": "dmpro", "text": "Rama de actividad profesional", "desc": "", "type": 1, "required": true}},
  {"model": "expplat.question", "pk": 65, "fields": {"question_code": "dmpoo", "text": "Si ha seleccionado \"Otro\" en la pregunta anterior, escriba cuál es la actividad professional en la que trabaja:", "desc": "", "type": 3, "required": false}},
  {"model": "expplat.question", "pk": 66, "fields": {"question_code": "dmjob", "text": "¿Cuál de las siguientes opciones describe mejor su situación actual de empleo?", "desc": "", "type": 1, "required": true}},
  {"model": "expplat.question", "pk": 67, "fields": {"question_code": "dmjoo", "text": "Si ha seleccionado \"Otro\" en la pregunta anterior, escriba cuál es su situación actual de empleo:", "desc": "", "type": 3, "required": false}},
  {"model": "expplat.question", "pk": 68, "fields": {"question_code": "dmrel", "text": "¿Cómo autodefiniría su punto de vista religioso?", "desc": "", "type": 1, "required": false}},
  {"model": "expplat.question", "pk": 69, "fields": {"question_code": "dmreo", "text": "Si ha seleccionado \"Otro\" en la pregunta anterior, escriba cuál es su punto de vista religioso:", "desc": "", "type": 3, "required": false}},
  {"model": "expplat.question", "pk": 70, "fields": {"question_code": "dmpol", "text": "¿Podría decir cuál es la orientación política por la cual siente más cercanía?", "desc": "", "type": 1, "required": false}},
  {"model": "expplat.question", "pk": 71, "fields": {"question_code": "ruttv", "text": "Ver informativos de Televisión", "desc": "", "type": 1, "required": true}},
  {"model": "expplat.question", "pk": 72, "fields": {"question_code": "rutin", "text": "Ver información en Internet", "desc": "", "type": 1, "required": true}},
  {"model": "expplat.question", "pk": 73, "fields": {"question_code": "rutso", "text": "Utilizar Redes Sociales (ej. Twitter, Facebook, Instagram)", "desc": "", "type": 1, "required": true}},
  {"model": "expplat.question", "pk": 74, "fields": {"question_code": "rutre", "text": "Leer Libros", "desc": "", "type": 1, "required": true}},
  {"model": "expplat.question", "pk": 75, "fields": {"question_code": "rutwa", "text": "Enviar y leer mensajes (ej. WhatsApp)", "desc": "", "type": 1, "required": true}},
  {"model": "expplat.question", "pk": 76, "fields": {"question_code": "rutra", "text": "Escuchar radio y/o podcasts", "desc": "", "type": 1, "required": true}},
  {"model": "expplat.question", "pk": 77, "fields": {"question_code": "dmtec", "text": "¿Cómo calificaría su habilidad en el uso de tecnología?", "desc": "", "type": 1, "required": true}},
  {"model": "expplat.choice", "pk": 1, "fields": {"question_id": 1, "value": "sí"}},
  {"model": "expplat.choice", "pk": 2, "fields": {"question_id": 1, "value": "no"}},
  {"model": "expplat.choice", "pk": 3, "fields": {"question_id": 30, "value": "sí"}},
  {"model": "expplat.choice", "pk": 4, "fields": {"question_id": 30, "value": "no"}},
  {"model": "expplat.choice", "pk": 5, "fields": {"question_id": 59, "value": "Femenino"}},
  {"model": "expplat.choice", "pk": 6, "fields": {"question_id": 59, "value": "Masculino"}},
  {"model": "expplat.choice", "pk": 7, "fields": {"question_id": 59, "value": "No binario"}},
  {"model": "expplat.choice", "pk": 8, "fields": {"question_id": 59, "value": "NS/NC"}},
  {"model": "expplat.choice", "pk": 9, "fields": {"question_id": 60, "value": "< 18 años"}},
  {"model": "expplat.choice", "pk": 10, "fields": {"question_id": 60, "value": "18-24 años"}},
  {"model": "expplat.choice", "pk": 11, "fields": {"question_id": 60, "value": "25-34 años"}},
  {"model": "expplat.choice", "pk": 12, "fields": {"question_id": 60, "value": "35-44 años"}},
  {"model": "expplat.choice", "pk": 13, "fields": {"question_id": 60, "value": "45-54 años"}},
  {"model": "expplat.choice", "pk": 14, "fields": {"question_id": 60, "value": "55-65 años"}},
  {"model": "expplat.choice", "pk": 15, "fields": {"question_id": 60, "value": "> 65 años"}},
  {"model": "expplat.choice", "pk": 16, "fields": {"question_id": 61, "value": "Fuera de España"}},
  {"model": "expplat.choice", "pk": 17, "fields": {"question_id": 61, "value": "Albacete"}},
  {"model": "expplat.choice", "pk": 18, "fields": {"question_id": 61, "value": "Alacant"}},
  {"model": "expplat.choice", "pk": 19, "fields": {"question_id": 61, "value": "Almería"}},
  {"model": "expplat.choice", "pk": 20, "fields": {"question_id": 61, "value": "Araba"}},
  {"model": "expplat.choice", "pk": 21, "fields": {"question_id": 61, "value": "Asturias"}},
  {"model": "expplat.choice", "pk": 22, "fields": {"question_id": 61, "value": "Ávila"}},
  {"model": "expplat.choice", "pk": 23, "fields": {"question_id": 61, "value": "Badajoz"}},
  {"model": "expplat.choice", "pk": 24, "fields": {"question_id": 61, "value": "Balears / Illes Balears"}},
  {"model": "expplat.choice", "pk": 25, "fields": {"question_id": 61, "value": "Barcelona"}},
  {"model": "expplat.choice", "pk": 26, "fields": {"question_id": 61, "value": "Bizkaia"}},
  {"model": "expplat.choice", "pk": 27, "fields": {"question_id": 61, "value": "Burgos"}},
  {"model": "expplat.choice", "pk": 28, "fields": {"question_id": 61, "value": "Cáceres"}},
  {"model": "expplat.choice", "pk": 29, "fields": {"question_id": 61, "value": "Cádiz"}},
  {"model": "expplat.choice", "pk": 30, "fields": {"question_id": 61, "value": "Cantabria"}},
  {"model": "expplat.choice", "pk": 31, "fields": {"question_id": 61, "value": "Castelló"}},
  {"model": "expplat.choice", "pk": 32, "fields": {"question_id": 61, "value": "Ceuta"}},
  {"model": "expplat.choice", "pk": 33, "fields": {"question_id": 61, "value": "Ciudad Real"}},
  {"model": "expplat.choice", "pk": 34, "fields": {"question_id": 61, "value": "Córdoba"}},
  {"model": "expplat.choice", "pk": 35, "fields": {"question_id": 61, "value": "A Coruña"}},
  {"model": "expplat.choice", "pk": 36, "fields": {"question_id": 61, "value": "Cuenca"}},
  {"model": "expplat.choice", "pk": 37, "fields": {"question_id": 61, "value": "Gipuzkoa"}},
  {"model": "expplat.choice", "pk": 38, "fields": {"question_id": 61, "value": "Girona"}},
  {"model": "expplat.choice", "pk": 39, "fields": {"question_id": 61, "value": "Granada"}},
  {"model": "expplat.choice", "pk": 40, "fields": {"question_id": 61, "value": "Guadalajara"}},
  {"model": "expplat.choice", "pk": 41, "fields": {"question_id": 61, "value": "Huelva"}},
  {"model": "expplat.choice", "pk": 42, "fields": {"question_id": 61, "value": "Huesca"}},
  {"model": "expplat.choice", "pk": 43, "fields": {"question_id": 61, "value": "Jaén"}},
  {"model": "expplat.choice", "pk": 44, "fields": {"question_id": 61, "value": "León"}},
  {"model": "expplat.choice", "pk": 45, "fields": {"question_id": 61, "value": "Lleida"}},
  {"model": "expplat.choice", "pk": 46, "fields": {"question_id": 61, "value": "Lugo"}},
  {"model": "expplat.choice", "pk": 47, "fields": {"question_id": 61, "value": "Madrid"}},
  {"model": "expplat.choice", "pk": 48, "fields": {"question_id": 61, "value": "Málaga"}},
  {"model": "expplat.choice", "pk": 49, "fields": {"question_id": 61, "value": "Melilla"}},
  {"model": "expplat.choice", "pk": 50, "fields": {"question_id": 61, "value": "Murcia"}},
  {"model": "expplat.choice", "pk": 51, "fields": {"question_id": 61, "value": "Navarra"}},
  {"model": "expplat.choice", "pk": 52, "fields": {"question_id": 61, "value": "Ourense"}},
  {"model": "expplat.choice", "pk": 53, "fields": {"question_id": 61, "value": "Palencia"}},
  {"model": "expplat.choice", "pk": 54, "fields": {"question_id": 61, "value": "Las Palmas"}},
  {"model": "expplat.choice", "pk": 55, "fields": {"question_id": 61, "value": "Pontevedra"}},
  {"model": "expplat.choice", "pk": 56, "fields": {"question_id": 61, "value": "La Rioja"}},
  {"model": "expplat.choice", "pk": 57, "fields": {"question_id": 61, "value": "Salamanca"}},
  {"model": "expplat.choice", "pk": 58, "fields": {"question_id": 61, "value": "Santa Cruz de Tenerife"}},
  {"model": "expplat.choice", "pk": 59, "fields": {"question_id": 61, "value": "Segovia"}},
  {"model": "expplat.choice", "pk": 60, "fields": {"question_id": 61, "value": "Sevilla"}},
  {"model": "expplat.choice", "pk": 61, "fields": {"question_id": 61, "value": "Soria"}},
  {"model": "expplat.choice", "pk": 62, "fields": {"question_id": 61, "value": "Tarragona"}},
  {"model": "expplat.choice", "pk": 63, "fields": {"question_id": 61, "value": "Teruel"}},
  {"model": "expplat.choice", "pk": 64, "fields": {"question_id": 61, "value": "Toledo"}},
  {"model": "expplat.choice", "pk": 65, "fields": {"question_id": 61, "value": "València"}},
  {"model": "expplat.choice", "pk": 66, "fields": {"question_id": 61, "value": "Valladolid"}},
  {"model": "expplat.choice", "pk": 67, "fields": {"question_id": 61, "value": "Zamora"}},
  {"model": "expplat.choice", "pk": 68, "fields": {"question_id": 61, "value": "Zaragoza"}},
  {"model": "expplat.choice", "pk": 69, "fields": {"question_id": 62, "value": "No tiene estudios en educación formal"}},
  {"model": "expplat.choice", "pk": 70, "fields": {"question_id": 62, "value": "Primaria"}},
  {"model": "expplat.choice", "pk": 71, "fields": {"question_id": 62, "value": "Secundaria"}},
  {"model": "expplat.choice", "pk": 72, "fields": {"question_id": 62, "value": "Formación Profesional"}},
  {"model": "expplat.choice", "pk": 73, "fields": {"question_id": 62, "value": "Grado/Licenciatura"}},
  {"model": "expplat.choice", "pk": 74, "fields": {"question_id": 62, "value": "Posgrado"}},
  {"model": "expplat.choice", "pk": 75, "fields": {"question_id": 62, "value": "Master"}},
  {"model": "expplat.choice", "pk": 76, "fields": {"question_id": 62, "value": "Doctorado"}},
  {"model": "expplat.choice", "pk": 77, "fields": {"question_id": 62, "value": "Otro"}},
  {"model": "expplat.choice", "pk": 78, "fields": {"question_id": 62, "value": "NS/NC"}},
  {"model": "expplat.choice", "pk": 79, "fields": {"question_id": 64, "value": "No estoy trabajando"}},
  {"model": "expplat.choice", "pk": 80, "fields": {"question_id": 64, "value": "Administración Pública y defensa"}},
  {"model": "expplat.choice", "pk": 81, "fields": {"question_id": 64, "value": "Actividades artísticas, recreativas y de entretenimiento"}},
  {"model": "expplat.choice", "pk": 82, "fields": {"question_id": 64, "value": "Actividades profesionales, científicas y técnicas"}},
  {"model": "expplat.choice", "pk": 83, "fields": {"question_id": 64, "value": "Actividades administrativas y servicios auxiliares"}},
  {"model": "expplat.choice", "pk": 84, "fields": {"question_id": 64, "value": "Actividades financieras y de seguros"}},
  {"model": "expplat.choice", "pk": 85, "fields": {"question_id": 64, "value": "Agricultura y ganadería, silvicultura y pesca"}},
  {"model": "expplat.choice", "pk": 86, "fields": {"question_id": 64, "value": "Actividades inmobiliarias"}},
  {"model": "expplat.choice", "pk": 87, "fields": {"question_id": 64, "value": "Construcción"}},
  {"model": "expplat.choice", "pk": 88, "fields": {"question_id": 64, "value": "Comercio"}},
  {"model": "expplat.choice", "pk": 89, "fields": {"question_id": 64, "value": "Empleo doméstico"}},
  {"model": "expplat.choice", "pk": 90, "fields": {"question_id": 64, "value": "Educación"}},
  {"model": "expplat.choice", "pk": 91, "fields": {"question_id": 64, "value": "Hostelería"}},
  {"model": "expplat.choice", "pk": 92, "fields": {"question_id": 64, "value": "Industria"}},
  {"model": "expplat.choice", "pk": 93, "fields": {"question_id": 64, "value": "Información y comunicaciones"}},
  {"model": "expplat.choice", "pk": 94, "fields": {"question_id": 64, "value": "Minería"}},
  {"model": "expplat.choice", "pk": 95, "fields": {"question_id": 64, "value": "Sanidad y servicios sociales"}},
  {"model": "expplat.choice", "pk": 96, "fields": {"question_id": 64, "value": "Suministro de energía eléctrica, gas, vapor y aire acondicionado"}},
  {"model": "expplat.choice", "pk": 97, "fields": {"question_id": 64, "value": "Suministro de agua y saneamiento"}},
  {"model": "expplat.choice", "pk": 98, "fields": {"question_id": 64, "value": "Suministro de telefonía"}},
  {"model": "expplat.choice", "pk": 99, "fields": {"question_id": 64, "value": "Transporte"}},
  {"model": "expplat.choice", "pk": 100, "fields": {"question_id": 64, "value": "Otro"}},
  {"model": "expplat.choice", "pk": 101, "fields": {"question_id": 66, "value": "Contrato a tiempo completo"}},
  {"model": "expplat.choice", "pk": 102, "fields": {"question_id": 66, "value": "Contrato a tiempo parcial"}},
  {"model": "expplat.choice", "pk": 103, "fields": {"question_id": 66, "value": "Contrato por horas"}},
  {"model": "expplat.choice", "pk": 104, "fields": {"question_id": 66, "value": "Autónomo o por cuenta propia"}},
  {"model": "expplat.choice", "pk": 105, "fields": {"question_id": 66, "value": "Desempleado"}},
  {"model": "expplat.choice", "pk": 106, "fields": {"question_id": 66, "value": "Estudiante"}},
  {"model": "expplat.choice", "pk": 107, "fields": {"question_id": 66, "value": "Jubilado"}},
  {"model": "expplat.choice", "pk": 108, "fields": {"question_id": 66, "value": "Labores de hogar"}},
  {"model": "expplat.choice", "pk": 109, "fields": {"question_id": 66, "value": "No trabaja"}},
  {"model": "expplat.choice", "pk": 109, "fields": {"question_id": 66, "value": "No trabaja"}},
  {"model": "expplat.choice", "pk": 110, "fields": {"question_id": 66, "value": "Otro"}},
  {"model": "expplat.choice", "pk": 111, "fields": {"question_id": 66, "value": "NS/NC"}},
  {"model": "expplat.choice", "pk": 112, "fields": {"question_id": 68, "value": "Católico"}},
  {"model": "expplat.choice", "pk": 113, "fields": {"question_id": 68, "value": "Evangélico"}},
  {"model": "expplat.choice", "pk": 114, "fields": {"question_id": 68, "value": "Protestante"}},
  {"model": "expplat.choice", "pk": 115, "fields": {"question_id": 68, "value": "Judío"}},
  {"model": "expplat.choice", "pk": 116, "fields": {"question_id": 68, "value": "Islámico"}},
  {"model": "expplat.choice", "pk": 117, "fields": {"question_id": 68, "value": "Budista"}},
  {"model": "expplat.choice", "pk": 118, "fields": {"question_id": 68, "value": "Agnóstico"}},
  {"model": "expplat.choice", "pk": 119, "fields": {"question_id": 68, "value": "Ateo"}},
  {"model": "expplat.choice", "pk": 120, "fields": {"question_id": 68, "value": "Otro"}},
  {"model": "expplat.choice", "pk": 121, "fields": {"question_id": 68, "value": "NS/NC"}},
  {"model": "expplat.choice", "pk": 122, "fields": {"question_id": 70, "value": "Izquierda"}},
  {"model": "expplat.choice", "pk": 123, "fields": {"question_id": 70, "value": "Centro izquierda"}},
  {"model": "expplat.choice", "pk": 124, "fields": {"question_id": 70, "value": "Centro"}},
  {"model": "expplat.choice", "pk": 125, "fields": {"question_id": 70, "value": "Centro derecha"}},
  {"model": "expplat.choice", "pk": 126, "fields": {"question_id": 70, "value": "Derecha"}},
  {"model": "expplat.choice", "pk": 127, "fields": {"question_id": 70, "value": "NS/NC"}},
  {"model": "expplat.choice", "pk": 128, "fields": {"question_id": 71, "value": "Diario"}},
  {"model": "expplat.choice", "pk": 129, "fields": {"question_id": 71, "value": "Algunas veces en la semana"}},
  {"model": "expplat.choice", "pk": 130, "fields": {"question_id": 71, "value": "Algunas veces al mes"}},
  {"model": "expplat.choice", "pk": 131, "fields": {"question_id": 71, "value": "Algunas veces en los últimos 12 meses"}},
  {"model": "expplat.choice", "pk": 132, "fields": {"question_id": 71, "value": "Nunca"}},
  {"model": "expplat.choice", "pk": 133, "fields": {"question_id": 71, "value": "NS/NC"}},
  {"model": "expplat.choice", "pk": 134, "fields": {"question_id": 72, "value": "Diario"}},
  {"model": "expplat.choice", "pk": 135, "fields": {"question_id": 72, "value": "Algunas veces en la semana"}},
  {"model": "expplat.choice", "pk": 136, "fields": {"question_id": 72, "value": "Algunas veces al mes"}},
  {"model": "expplat.choice", "pk": 137, "fields": {"question_id": 72, "value": "Algunas veces en los últimos 12 meses"}},
  {"model": "expplat.choice", "pk": 138, "fields": {"question_id": 72, "value": "Nunca"}},
  {"model": "expplat.choice", "pk": 139, "fields": {"question_id": 72, "value": "NS/NC"}},
  {"model": "expplat.choice", "pk": 140, "fields": {"question_id": 73, "value": "Diario"}},
  {"model": "expplat.choice", "pk": 141, "fields": {"question_id": 73, "value": "Algunas veces en la semana"}},
  {"model": "expplat.choice", "pk": 142, "fields": {"question_id": 73, "value": "Algunas veces al mes"}},
  {"model": "expplat.choice", "pk": 143, "fields": {"question_id": 73, "value": "Algunas veces en los últimos 12 meses"}},
  {"model": "expplat.choice", "pk": 144, "fields": {"question_id": 73, "value": "Nunca"}},
  {"model": "expplat.choice", "pk": 145, "fields": {"question_id": 73, "value": "NS/NC"}},
  {"model": "expplat.choice", "pk": 146, "fields": {"question_id": 74, "value": "Diario"}},
  {"model": "expplat.choice", "pk": 147, "fields": {"question_id": 74, "value": "Algunas veces en la semana"}},
  {"model": "expplat.choice", "pk": 148, "fields": {"question_id": 74, "value": "Algunas veces al mes"}},
  {"model": "expplat.choice", "pk": 149, "fields": {"question_id": 74, "value": "Algunas veces en los últimos 12 meses"}},
  {"model": "expplat.choice", "pk": 150, "fields": {"question_id": 74, "value": "Nunca"}},
  {"model": "expplat.choice", "pk": 151, "fields": {"question_id": 74, "value": "NS/NC"}},
  {"model": "expplat.choice", "pk": 152, "fields": {"question_id": 75, "value": "Diario"}},
  {"model": "expplat.choice", "pk": 153, "fields": {"question_id": 75, "value": "Algunas veces en la semana"}},
  {"model": "expplat.choice", "pk": 154, "fields": {"question_id": 75, "value": "Algunas veces al mes"}},
  {"model": "expplat.choice", "pk": 155, "fields": {"question_id": 75, "value": "Algunas veces en los últimos 12 meses"}},
  {"model": "expplat.choice", "pk": 156, "fields": {"question_id": 75, "value": "Nunca"}},
  {"model": "expplat.choice", "pk": 157, "fields": {"question_id": 75, "value": "NS/NC"}},
  {"model": "expplat.choice", "pk": 158, "fields": {"question_id": 76, "value": "Diario"}},
  {"model": "expplat.choice", "pk": 159, "fields": {"question_id": 76, "value": "Algunas veces en la semana"}},
  {"model": "expplat.choice", "pk": 160, "fields": {"question_id": 76, "value": "Algunas veces al mes"}},
  {"model": "expplat.choice", "pk": 161, "fields": {"question_id": 76, "value": "Algunas veces en los últimos 12 meses"}},
  {"model": "expplat.choice", "pk": 162, "fields": {"question_id": 76, "value": "Nunca"}},
  {"model": "expplat.choice", "pk": 163, "fields": {"question_id": 76, "value": "NS/NC"}},
  {"model": "expplat.choice", "pk": 164, "fields": {"question_id": 77, "value": "Básica"}},
  {"model": "expplat.choice", "pk": 165, "fields": {"question_id": 77, "value": "Media"}},
  {"model": "expplat.choice", "pk": 166, "fields": {"question_id": 77, "value": "Avanzada"}},
  {"model": "expplat.choice", "pk": 167, "fields": {"question_id": 77, "value": "NS/NC"}},
  {"model": "expplat.questionexperiment", "pk": 1, "fields": {"experiment_id": 1, "question_id": 1}},
  {"model": "expplat.questionexperiment", "pk": 2, "fields": {"experiment_id": 1, "question_id": 2}},
  {"model": "expplat.questionexperiment", "pk": 3, "fields": {"experiment_id": 1, "question_id": 3}},
  {"model": "expplat.questionexperiment", "pk": 4, "fields": {"experiment_id": 1, "question_id": 4}},
  {"model": "expplat.questionexperiment", "pk": 5, "fields": {"experiment_id": 1, "question_id": 5}},
  {"model": "expplat.questionexperiment", "pk": 6, "fields": {"experiment_id": 1, "question_id": 6}},
  {"model": "expplat.questionexperiment", "pk": 7, "fields": {"experiment_id": 1, "question_id": 7}},
  {"model": "expplat.questionexperiment", "pk": 8, "fields": {"experiment_id": 1, "question_id": 8}},
  {"model": "expplat.questionexperiment", "pk": 9, "fields": {"experiment_id": 1, "question_id": 9}},
  {"model": "expplat.questionexperiment", "pk": 10, "fields": {"experiment_id": 1, "question_id": 10}},
  {"model": "expplat.questionexperiment", "pk": 11, "fields": {"experiment_id": 1, "question_id": 11}},
  {"model": "expplat.questionexperiment", "pk": 12, "fields": {"experiment_id": 1, "question_id": 12}},
  {"model": "expplat.questionexperiment", "pk": 13, "fields": {"experiment_id": 1, "question_id": 13}},
  {"model": "expplat.questionexperiment", "pk": 14, "fields": {"experiment_id": 1, "question_id": 14}},
  {"model": "expplat.questionexperiment", "pk": 15, "fields": {"experiment_id": 1, "question_id": 15}},
  {"model": "expplat.questionexperiment", "pk": 16, "fields": {"experiment_id": 1, "question_id": 16}},
  {"model": "expplat.questionexperiment", "pk": 17, "fields": {"experiment_id": 1, "question_id": 17}},
  {"model": "expplat.questionexperiment", "pk": 18, "fields": {"experiment_id": 1, "question_id": 18}},
  {"model": "expplat.questionexperiment", "pk": 19, "fields": {"experiment_id": 1, "question_id": 19}},
  {"model": "expplat.questionexperiment", "pk": 20, "fields": {"experiment_id": 1, "question_id": 20}},
  {"model": "expplat.questionexperiment", "pk": 21, "fields": {"experiment_id": 1, "question_id": 21}},
  {"model": "expplat.questionexperiment", "pk": 22, "fields": {"experiment_id": 1, "question_id": 22}},
  {"model": "expplat.questionexperiment", "pk": 23, "fields": {"experiment_id": 1, "question_id": 23}},
  {"model": "expplat.questionexperiment", "pk": 24, "fields": {"experiment_id": 1, "question_id": 24}},
  {"model": "expplat.questionexperiment", "pk": 25, "fields": {"experiment_id": 1, "question_id": 25}},
  {"model": "expplat.questionexperiment", "pk": 26, "fields": {"experiment_id": 1, "question_id": 26}},
  {"model": "expplat.questionexperiment", "pk": 27, "fields": {"experiment_id": 1, "question_id": 27}},
  {"model": "expplat.questionexperiment", "pk": 28, "fields": {"experiment_id": 1, "question_id": 28}},
  {"model": "expplat.questionexperiment", "pk": 29, "fields": {"experiment_id": 1, "question_id": 29}},
  {"model": "expplat.questionexperiment", "pk": 30, "fields": {"experiment_id": 1, "question_id": 30}},
  {"model": "expplat.questionexperiment", "pk": 31, "fields": {"experiment_id": 1, "question_id": 31}},
  {"model": "expplat.questionexperiment", "pk": 32, "fields": {"experiment_id": 1, "question_id": 32}},
  {"model": "expplat.questionexperiment", "pk": 33, "fields": {"experiment_id": 1, "question_id": 33}},
  {"model": "expplat.questionexperiment", "pk": 34, "fields": {"experiment_id": 1, "question_id": 34}},
  {"model": "expplat.questionexperiment", "pk": 35, "fields": {"experiment_id": 1, "question_id": 35}},
  {"model": "expplat.questionexperiment", "pk": 36, "fields": {"experiment_id": 1, "question_id": 36}},
  {"model": "expplat.questionexperiment", "pk": 37, "fields": {"experiment_id": 1, "question_id": 37}},
  {"model": "expplat.questionexperiment", "pk": 38, "fields": {"experiment_id": 1, "question_id": 38}},
  {"model": "expplat.questionexperiment", "pk": 39, "fields": {"experiment_id": 1, "question_id": 39}},
  {"model": "expplat.questionexperiment", "pk": 40, "fields": {"experiment_id": 1, "question_id": 40}},
  {"model": "expplat.questionexperiment", "pk": 41, "fields": {"experiment_id": 1, "question_id": 41}},
  {"model": "expplat.questionexperiment", "pk": 42, "fields": {"experiment_id": 1, "question_id": 42}},
  {"model": "expplat.questionexperiment", "pk": 43, "fields": {"experiment_id": 1, "question_id": 43}},
  {"model": "expplat.questionexperiment", "pk": 44, "fields": {"experiment_id": 1, "question_id": 44}},
  {"model": "expplat.questionexperiment", "pk": 45, "fields": {"experiment_id": 1, "question_id": 45}},
  {"model": "expplat.questionexperiment", "pk": 46, "fields": {"experiment_id": 1, "question_id": 46}},
  {"model": "expplat.questionexperiment", "pk": 47, "fields": {"experiment_id": 1, "question_id": 47}},
  {"model": "expplat.questionexperiment", "pk": 48, "fields": {"experiment_id": 1, "question_id": 48}},
  {"model": "expplat.questionexperiment", "pk": 49, "fields": {"experiment_id": 1, "question_id": 49}},
  {"model": "expplat.questionexperiment", "pk": 50, "fields": {"experiment_id": 1, "question_id": 50}},
  {"model": "expplat.questionexperiment", "pk": 51, "fields": {"experiment_id": 1, "question_id": 51}},
  {"model": "expplat.questionexperiment", "pk": 52, "fields": {"experiment_id": 1, "question_id": 52}},
  {"model": "expplat.questionexperiment", "pk": 53, "fields": {"experiment_id": 1, "question_id": 53}},
  {"model": "expplat.questionexperiment", "pk": 54, "fields": {"experiment_id": 1, "question_id": 54}},
  {"model": "expplat.questionexperiment", "pk": 55, "fields": {"experiment_id": 1, "question_id": 55}},
  {"model": "expplat.questionexperiment", "pk": 56, "fields": {"experiment_id": 1, "question_id": 56}},
  {"model": "expplat.questionexperiment", "pk": 57, "fields": {"experiment_id": 1, "question_id": 57}},
  {"model": "expplat.questionexperiment", "pk": 58, "fields": {"experiment_id": 1, "question_id": 58}},
  {"model": "expplat.questionexperiment", "pk": 59, "fields": {"experiment_id": 1, "question_id": 59}},
  {"model": "expplat.questionexperiment", "pk": 60, "fields": {"experiment_id": 1, "question_id": 60}},
  {"model": "expplat.questionexperiment", "pk": 61, "fields": {"experiment_id": 1, "question_id": 61}},
  {"model": "expplat.questionexperiment", "pk": 62, "fields": {"experiment_id": 1, "question_id": 62}},
  {"model": "expplat.questionexperiment", "pk": 63, "fields": {"experiment_id": 1, "question_id": 63}},
  {"model": "expplat.questionexperiment", "pk": 64, "fields": {"experiment_id": 1, "question_id": 64}},
  {"model": "expplat.questionexperiment", "pk": 65, "fields": {"experiment_id": 1, "question_id": 65}},
  {"model": "expplat.questionexperiment", "pk": 66, "fields": {"experiment_id": 1, "question_id": 66}},
  {"model": "expplat.questionexperiment", "pk": 67, "fields": {"experiment_id": 1, "question_id": 67}},
  {"model": "expplat.questionexperiment", "pk": 68, "fields": {"experiment_id": 1, "question_id": 68}},
  {"model": "expplat.questionexperiment", "pk": 69, "fields": {"experiment_id": 1, "question_id": 69}},
  {"model": "expplat.questionexperiment", "pk": 70, "fields": {"experiment_id": 1, "question_id": 70}},
  {"model": "expplat.questionexperiment", "pk": 71, "fields": {"experiment_id": 1, "question_id": 71}},
  {"model": "expplat.questionexperiment", "pk": 72, "fields": {"experiment_id": 1, "question_id": 72}},
  {"model": "expplat.questionexperiment", "pk": 73, "fields": {"experiment_id": 1, "question_id": 73}},
  {"model": "expplat.questionexperiment", "pk": 74, "fields": {"experiment_id": 1, "question_id": 74}},
  {"model": "expplat.questionexperiment", "pk": 75, "fields": {"experiment_id": 1, "question_id": 75}},
  {"model": "expplat.questionexperiment", "pk": 76, "fields": {"experiment_id": 1, "question_id": 76}},
  {"model": "expplat.questionexperiment", "pk": 77, "fields": {"experiment_id": 1, "question_id": 77}}
]